Filename,Component 1,Component 2
P100_L_CM_CC.jpg,18.974287,6.137909
P100_L_CM_MLO.jpg,-32.86314,-7.912677
P100_R_CM_CC.jpg,-0.89500976,4.6159024
P100_R_CM_MLO.jpg,-33.387627,-9.716542
P101_L_CM_CC.jpg,14.64905,-13.14364
P101_L_CM_MLO.jpg,-28.789482,-20.426498
P101_R_CM_CC.jpg,-16.544184,-25.643614
P101_R_CM_MLO.jpg,-15.884572,-20.581764
P102_L_CM_CC.jpg,5.5766563,2.993283
P102_L_CM_MLO.jpg,4.0925107,3.137192
P102_R_CM_CC.jpg,5.9207425,14.527103
P102_R_CM_MLO.jpg,13.762044,12.720214
P103_L_CM_CC.jpg,-38.4229,-6.7972836
P103_L_CM_MLO.jpg,-19.757124,1.8830214
P103_R_CM_CC.jpg,-21.310534,-2.3200104
P103_R_CM_MLO.jpg,8.511305,0.001494388
P104_L_CM_MLO.jpg,12.943124,-10.424882
P104_R_CM_CC.jpg,13.757317,5.7272363
P105_L_CM_CC.jpg,-12.726074,-3.0224013
P105_L_CM_MLO.jpg,-29.464474,-20.23028
P105_R_CM_CC.jpg,-15.312109,17.00258
P105_R_CM_MLO.jpg,-38.256145,-13.551551
P106_L_CM_MLO.jpg,14.0099745,-14.305296
P106_R_CM_CC.jpg,-26.349081,-9.882484
P107_L_CM_CC.jpg,30.213902,19.196001
P107_R_CM_CC.jpg,25.005627,11.420666
P107_R_CM_MLO.jpg,-16.365704,-24.781425
P108_L_CM_CC.jpg,-1.7600243,-2.4744027
P108_R_CM_CC.jpg,-2.3118634,2.5346715
P109_L_CM_CC.jpg,27.45506,18.988934
P10_L_CM_CC.jpg,-15.642889,7.7507086
P10_L_CM_MLO.jpg,-31.291666,-3.9966547
P10_R_CM_CC.jpg,-17.647057,17.509342
P10_R_CM_MLO.jpg,-13.595731,2.4340906
P110_L_CM_MLO.jpg,55.716873,-12.995277
P110_R_CM_CC.jpg,59.90094,-0.061515532
P110_R_CM_MLO.jpg,57.091885,-12.15751
P111_L_CM_CC.jpg,-18.249504,1.0100436
P111_L_CM_MLO.jpg,-19.238913,-14.6135
P111_R_CM_CC.jpg,-11.514285,0.51592195
P111_R_CM_MLO.jpg,23.732002,18.270678
P112_L_CM_CC.jpg,-2.0629044,2.0098536
P113_L_CM_CC.jpg,12.185457,-3.1879654
P113_L_CM_MLO.jpg,15.130369,-15.148678
P113_R_CM_MLO.jpg,-4.415349,-14.159174
P114_L_CM_CC.jpg,57.609386,-2.3268363
P114_L_CM_MLO.jpg,59.83011,0.98862356
P114_R_CM_CC.jpg,58.075924,-1.9169347
P114_R_CM_MLO.jpg,55.30569,-8.5978
P115_L_CM_CC.jpg,25.68873,20.74571
P115_L_CM_MLO.jpg,-25.51072,-14.314643
P115_R_CM_CC.jpg,21.918427,-1.0954394
P115_R_CM_MLO.jpg,-14.14742,-23.734459
P116_L_CM_MLO.jpg,18.524809,-1.8452334
P116_R_CM_CC.jpg,-14.363564,-20.434752
P116_R_CM_MLO.jpg,-8.939772,-17.068224
P117_R_CM_CC.jpg,30.906538,19.093092
P118_L_CM_CC.jpg,24.976982,7.5854836
P118_R_CM_CC.jpg,19.03185,10.846363
P118_R_CM_MLO.jpg,-18.108913,-19.552132
P119_L_CM_CC.jpg,21.84568,-5.311065
P119_L_CM_MLO.jpg,21.176847,-6.5347486
P119_R_CM_CC.jpg,31.072304,23.765738
P119_R_CM_MLO.jpg,7.8397245,18.237633
P11_R_CM_CC.jpg,12.182935,6.936664
P11_R_CM_MLO.jpg,-15.702116,-7.084154
P120_L_CM_MLO.jpg,23.576576,8.825985
P121_L_CM_CC.jpg,17.454018,-1.2620046
P121_R_CM_MLO.jpg,8.338694,-8.252955
P122_L_CM_CC.jpg,3.6967287,-14.177075
P122_L_CM_MLO.jpg,-2.433385,-17.848822
P122_R_CM_CC.jpg,-5.0748715,-8.006327
P122_R_CM_MLO.jpg,-25.4976,-9.059279
P123_L_CM_CC.jpg,12.821085,14.449864
P123_L_CM_MLO.jpg,-9.713085,-10.123393
P123_R_CM_CC.jpg,11.7722645,-9.690823
P123_R_CM_MLO.jpg,-27.57982,-22.963392
P124_L_CM_CC.jpg,8.23597,7.1489367
P124_L_CM_MLO.jpg,-18.411343,-12.313265
P124_R_CM_CC.jpg,-3.0521822,3.1814837
P124_R_CM_MLO.jpg,-17.88343,-6.985903
P125_L_CM_CC.jpg,-20.091423,5.2247777
P125_L_CM_MLO.jpg,23.858887,15.998169
P125_R_CM_CC.jpg,-19.12996,7.5692945
P125_R_CM_MLO.jpg,14.690468,9.240771
P126_L_CM_CC.jpg,12.721124,-12.835216
P126_L_CM_MLO.jpg,-11.548305,-27.926392
P126_R_CM_CC.jpg,13.243777,8.869928
P126_R_CM_MLO.jpg,-28.711792,-22.86689
P127_L_CM_MLO.jpg,1.221021,-2.3892457
P128_L_CM_CC.jpg,15.926417,13.772373
P128_L_CM_MLO.jpg,-11.719587,-7.1445985
P128_R_CM_CC.jpg,28.118174,20.804558
P128_R_CM_MLO.jpg,24.716974,22.440207
P129_L_CM_CC.jpg,2.8875246,-13.4027605
P129_L_CM_MLO.jpg,-22.012415,-2.896507
P129_R_CM_CC.jpg,-13.376774,5.3156238
P129_R_CM_MLO.jpg,3.3513923,-0.30658713
P12_L_CM_CC.jpg,26.649633,19.179007
P12_L_CM_MLO.jpg,-33.70439,-8.557944
P12_R_CM_CC.jpg,26.670223,18.433432
P12_R_CM_MLO.jpg,-36.858665,-9.295499
P130_L_CM_CC.jpg,9.252665,-9.638527
P131_L_CM_MLO.jpg,-26.890266,-24.20561
P132_L_CM_CC.jpg,12.146566,10.695976
P132_L_CM_MLO.jpg,-6.8265305,-8.115804
P132_R_CM_CC.jpg,24.466045,19.884018
P132_R_CM_MLO.jpg,8.891802,6.4505115
P133_R_CM_CC.jpg,-11.86691,5.277103
P134_R_CM_MLO.jpg,8.14744,-8.746134
P135_L_CM_MLO.jpg,-28.67595,-17.554295
P136_L_CM_MLO.jpg,32.67865,22.551842
P136_R_CM_CC.jpg,3.170102,8.454271
P136_R_CM_MLO.jpg,29.762861,21.038681
P137_L_CM_MLO.jpg,32.348747,21.480785
P138_L_CM_CC.jpg,22.782072,21.464298
P138_L_CM_MLO.jpg,-28.47597,-14.664029
P138_R_CM_CC.jpg,19.422487,13.025807
P138_R_CM_MLO.jpg,-0.82920754,-18.574795
P139_R_CM_CC.jpg,16.573744,2.444612
P139_R_CM_MLO.jpg,34.338448,24.578974
P13_R_CM_CC.jpg,-13.585718,-22.335115
P140_L_CM_CC.jpg,10.412624,-10.112495
P140_L_CM_MLO.jpg,10.705317,-13.582958
P140_R_CM_CC.jpg,23.013653,9.298687
P140_R_CM_MLO.jpg,10.118262,-16.027788
P141_L_CM_CC.jpg,2.5975115,-12.890278
P141_L_CM_MLO.jpg,-32.322723,-9.38207
P141_R_CM_CC.jpg,4.7118897,0.016927276
P141_R_CM_MLO.jpg,-32.821533,-7.493531
P142_R_CM_CC.jpg,56.90582,-6.482319
P142_R_CM_MLO.jpg,58.383415,-8.138664
P143_L_CM_CC.jpg,12.644581,-1.595057
P143_L_CM_MLO.jpg,-3.6848164,-20.056612
P143_R_CM_CC.jpg,8.29094,-12.645625
P143_R_CM_MLO.jpg,-33.221924,-17.10981
P144_L_CM_CC.jpg,28.980434,20.989986
P144_L_CM_MLO.jpg,-32.14314,-7.8167124
P144_R_CM_CC.jpg,9.740896,-8.420047
P144_R_CM_MLO.jpg,-30.772411,-18.122768
P145_L_CM_CC.jpg,11.427973,-2.0296166
P145_L_CM_MLO.jpg,-14.392514,-12.579085
P145_R_CM_CC.jpg,19.67659,7.647236
P145_R_CM_MLO.jpg,-21.522482,-14.156077
P146_L_CM_CC.jpg,-13.475051,2.7218552
P146_L_CM_MLO.jpg,-34.88167,-12.753844
P146_R_CM_CC.jpg,10.164547,3.6467757
P146_R_CM_MLO.jpg,-8.598967,-20.407177
P147_R_CM_CC.jpg,10.060094,-4.117199
P147_R_CM_MLO.jpg,9.015763,-5.5125675
P148_L_CM_CC.jpg,-9.075318,-3.91888
P148_L_CM_MLO.jpg,7.644362,-13.138179
P148_R_CM_CC.jpg,-11.224798,0.21195966
P148_R_CM_MLO.jpg,-16.348255,-13.603777
P149_L_CM_CC.jpg,13.101099,-6.554408
P149_L_CM_MLO.jpg,-25.695518,-10.24498
P149_R_CM_CC.jpg,25.290709,10.7193985
P149_R_CM_MLO.jpg,-34.572956,-16.034975
P14_L_CM_CC.jpg,58.187897,-10.639635
P14_L_CM_MLO.jpg,57.985714,-9.743987
P14_R_CM_CC.jpg,59.191322,-9.367282
P14_R_CM_MLO.jpg,59.838257,-5.3644896
P150_L_CM_CC.jpg,10.0147,-8.971719
P150_L_CM_MLO.jpg,-17.843922,-13.076021
P150_R_CM_CC.jpg,24.246428,14.627936
P150_R_CM_MLO.jpg,9.475548,-0.031136984
P151_L_CM_CC.jpg,59.856144,-3.9479089
P152_L_CM_CC.jpg,22.516537,15.892101
P152_L_CM_MLO.jpg,-33.677414,-13.696826
P152_R_CM_CC.jpg,2.4362707,7.798998
P153_L_CM_CC.jpg,14.456713,8.421684
P153_L_CM_MLO.jpg,-34.87197,-9.445439
P153_R_CM_MLO.jpg,-3.8979456,-11.460828
P154_L_CM_CC.jpg,8.96294,5.522831
P154_L_CM_MLO.jpg,27.087723,15.754821
P154_R_CM_CC.jpg,-6.8912625,8.806354
P154_R_CM_MLO.jpg,14.394538,12.192405
P155_L_CM_CC.jpg,20.36601,3.076965
P155_L_CM_MLO.jpg,23.390894,5.874104
P155_R_CM_CC.jpg,9.669619,16.595266
P155_R_CM_MLO.jpg,-19.553408,-1.3332826
P156_L_CM_CC.jpg,60.603504,-2.870083
P156_L_CM_MLO.jpg,59.343548,-6.477859
P156_R_CM_CC.jpg,60.679634,-1.29879
P156_R_CM_MLO.jpg,58.591652,-9.997943
P157_R_CM_CC.jpg,-1.0411835,-12.416368
P158_L_CM_MLO.jpg,1.3257041,-13.843761
P159_L_CM_CC.jpg,27.181843,13.548912
P15_L_CM_MLO.jpg,-4.5904994,-21.879194
P15_R_CM_MLO.jpg,-33.030067,-14.459127
P160_L_CM_CC.jpg,-2.1634417,0.69319016
P160_R_CM_CC.jpg,28.955544,13.144898
P161_L_CM_CC.jpg,26.925,14.25308
P161_L_CM_MLO.jpg,-32.473625,-18.898905
P161_R_CM_CC.jpg,26.606012,17.749763
P161_R_CM_MLO.jpg,-34.76905,-14.827392
P162_L_CM_CC.jpg,2.5517612,-1.6989946
P162_L_CM_MLO.jpg,-24.239191,-11.083401
P162_R_CM_CC.jpg,25.773733,13.759792
P162_R_CM_MLO.jpg,-32.05338,-11.639362
P163_R_CM_CC.jpg,32.295856,18.991388
P164_L_CM_CC.jpg,-6.570674,-5.954186
P165_L_CM_CC.jpg,60.52877,0.95180076
P165_L_CM_MLO.jpg,56.92905,-13.0543785
P165_R_CM_CC.jpg,60.604797,1.3738964
P165_R_CM_MLO.jpg,56.234566,-11.672147
P166_L_CM_CC.jpg,3.504235,1.4960535
P167_L_CM_MLO.jpg,13.492869,-16.33481
P168_L_CM_MLO.jpg,14.30384,-14.8524
P169_L_CM_CC.jpg,-15.269117,-5.385335
P169_L_CM_MLO.jpg,15.128094,3.73579
P169_R_CM_CC.jpg,-17.654915,29.068993
P16_L_CM_CC.jpg,18.28657,1.385939
P16_L_CM_MLO.jpg,-28.14441,-12.182949
P16_R_CM_CC.jpg,18.492426,1.80403
P16_R_CM_MLO.jpg,-30.784636,-21.092693
P170_L_CM_CC.jpg,33.10548,20.341368
P170_L_CM_MLO.jpg,-13.746901,-26.778336
P170_R_CM_CC.jpg,32.815697,23.15527
P170_R_CM_MLO.jpg,23.313412,-4.4127216
P171_L_CM_MLO.jpg,-30.3425,-19.22669
P172_L_CM_CC.jpg,60.656937,-0.14219965
P172_L_CM_MLO.jpg,60.75604,-3.7020888
P172_R_CM_CC.jpg,61.13253,0.13732457
P172_R_CM_MLO.jpg,60.01038,-1.0827687
P173_L_CM_CC.jpg,59.274708,0.59994704
P173_L_CM_MLO.jpg,-26.18715,-22.353233
P173_R_CM_CC.jpg,22.28047,9.980284
P173_R_CM_MLO.jpg,-18.223248,-15.190061
P174_L_CM_CC.jpg,10.670027,0.36760008
P174_L_CM_MLO.jpg,-24.96888,-20.463654
P174_R_CM_CC.jpg,-10.130458,-2.3987722
P174_R_CM_MLO.jpg,-8.662835,-26.526188
P175_R_CM_CC.jpg,26.306128,13.353554
P175_R_CM_MLO.jpg,-0.85579675,-15.772191
P176_L_CM_CC.jpg,15.705096,11.478766
P176_L_CM_MLO.jpg,-13.499556,-2.6470048
P176_R_CM_CC.jpg,-0.41873986,5.3573766
P176_R_CM_MLO.jpg,-4.049352,-1.0773184
P177_L_CM_CC.jpg,-2.4678783,-1.2408153
P177_L_CM_MLO.jpg,8.534106,-6.129441
P177_R_CM_CC.jpg,-9.385605,-30.879799
P177_R_CM_MLO.jpg,-9.476091,-31.907236
P178_R_CM_MLO.jpg,-19.028374,-16.041533
P179_L_CM_CC.jpg,30.020851,7.254245
P179_L_CM_MLO.jpg,24.527842,-3.4101477
P17_R_CM_MLO.jpg,-26.065666,-19.683666
P180_L_CM_CC.jpg,9.974939,14.585995
P180_L_CM_MLO.jpg,-31.160503,-5.2036414
P180_R_CM_CC.jpg,18.74223,10.75303
P180_R_CM_MLO.jpg,-32.853928,-13.25975
P181_L_CM_CC.jpg,-31.798477,-4.3129888
P181_L_CM_MLO.jpg,-20.167625,-16.831812
P181_R_CM_CC.jpg,-5.368979,8.71011
P181_R_CM_MLO.jpg,13.818301,7.1602635
P182_R_CM_MLO.jpg,20.0573,0.36166656
P183_L_CM_CC.jpg,7.8714256,-17.549948
P183_L_CM_MLO.jpg,30.498201,13.939606
P183_R_CM_CC.jpg,11.848054,12.628212
P183_R_CM_MLO.jpg,-15.973793,-11.728029
P184_L_CM_CC.jpg,29.051378,22.592722
P184_L_CM_MLO.jpg,56.158688,-13.748989
P184_R_CM_CC.jpg,29.138851,11.245254
P184_R_CM_MLO.jpg,-29.354752,-24.998781
P185_L_CM_CC.jpg,58.44886,-9.1544895
P185_L_CM_MLO.jpg,57.66039,-10.133676
P185_R_CM_CC.jpg,56.50781,-10.727438
P185_R_CM_MLO.jpg,56.97232,-9.813116
P186_L_CM_CC.jpg,6.019767,2.1161592
P186_L_CM_MLO.jpg,-12.345546,-8.671843
P186_R_CM_CC.jpg,-16.929943,-0.09465229
P187_L_CM_CC.jpg,-2.473436,3.3226855
P187_R_CM_CC.jpg,-1.9543701,-7.0574765
P188_L_CM_CC.jpg,57.063766,-2.7546387
P188_L_CM_MLO.jpg,56.547707,-7.8676972
P188_R_CM_CC.jpg,61.09539,0.9135317
P188_R_CM_MLO.jpg,57.063404,-11.531401
P189_L_CM_CC.jpg,-31.76355,-8.746194
P189_R_CM_MLO.jpg,-28.021873,-17.384468
P18_L_CM_CC.jpg,15.353724,-16.30392
P18_L_CM_MLO.jpg,-26.965284,-13.279121
P18_R_CM_CC.jpg,19.667622,4.1194644
P18_R_CM_MLO.jpg,-20.5735,-18.841164
P190_L_CM_CC.jpg,-3.9247196,-19.381924
P190_L_CM_MLO.jpg,-11.111334,-10.534946
P190_R_CM_MLO.jpg,10.410288,-0.045168042
P191_L_CM_CC.jpg,-1.8268144,-6.319895
P191_L_CM_MLO.jpg,-29.838337,-14.873905
P191_R_CM_CC.jpg,3.694871,0.43931675
P191_R_CM_MLO.jpg,-36.60393,-11.012763
P192_L_CM_CC.jpg,-17.592323,-1.877874
P192_L_CM_MLO.jpg,25.666544,22.741665
P192_R_CM_CC.jpg,-14.280847,0.85121053
P192_R_CM_MLO.jpg,-5.3374653,6.6889324
P193_L_CM_MLO.jpg,-13.010761,-14.208296
P194_L_CM_CC.jpg,9.029409,17.628801
P194_L_CM_MLO.jpg,-4.896287,5.4570074
P194_R_CM_CC.jpg,-4.6099935,10.822742
P194_R_CM_MLO.jpg,-4.54546,5.538805
P195_L_CM_CC.jpg,-8.339001,-26.97362
P195_L_CM_MLO.jpg,58.081303,-2.681933
P195_R_CM_CC.jpg,1.4012684,7.8108306
P195_R_CM_MLO.jpg,-30.755487,-14.502061
P196_L_CM_CC.jpg,-11.077072,-3.710352
P196_L_CM_MLO.jpg,-11.325255,-1.9396269
P196_R_CM_MLO.jpg,10.24655,-17.033714
P197_L_CM_CC.jpg,7.4891405,-8.052004
P197_L_CM_MLO.jpg,-0.78095716,-10.909337
P197_R_CM_CC.jpg,-18.485703,-16.187334
P197_R_CM_MLO.jpg,-10.168213,-28.455841
P198_L_CM_CC.jpg,15.08754,-14.046129
P198_L_CM_MLO.jpg,-11.6205,-29.81641
P199_R_CM_CC.jpg,12.926173,7.8765078
P19_L_CM_CC.jpg,23.404078,10.222748
P19_L_CM_MLO.jpg,-38.32838,-7.5611205
P19_R_CM_MLO.jpg,-25.815191,-11.4797735
P1_L_CM_MLO.jpg,-12.356745,-27.41974
P200_L_CM_CC.jpg,-32.72385,-4.813384
P200_L_CM_MLO.jpg,-5.476993,5.389282
P200_R_CM_CC.jpg,-15.560295,2.27026
P200_R_CM_MLO.jpg,-0.3756829,8.273822
P201_R_CM_MLO.jpg,11.098905,-12.698778
P202_L_CM_CC.jpg,-4.8929014,-6.4134407
P202_L_CM_MLO.jpg,-24.864525,-22.293993
P202_R_CM_CC.jpg,11.257336,5.854317
P202_R_CM_MLO.jpg,-34.68891,-12.2379
P203_R_CM_CC.jpg,7.7891746,-5.2566833
P203_R_CM_MLO.jpg,12.701975,-3.2296615
P204_L_CM_CC.jpg,0.30376282,-16.354317
P205_L_CM_MLO.jpg,-30.834572,-24.349346
P206_L_CM_CC.jpg,-35.12189,-6.915474
P206_L_CM_MLO.jpg,29.512941,8.270685
P206_R_CM_CC.jpg,-38.43207,-6.992783
P206_R_CM_MLO.jpg,-13.088,-0.9079568
P207_L_CM_CC.jpg,28.767982,7.157038
P207_L_CM_MLO.jpg,-9.01963,-31.381186
P207_R_CM_CC.jpg,15.397268,12.187011
P207_R_CM_MLO.jpg,-0.7397155,-17.905226
P208_R_CM_CC.jpg,32.24257,23.498951
P208_R_CM_MLO.jpg,-30.55993,-24.276348
P209_L_CM_CC.jpg,17.722916,14.300344
P209_L_CM_MLO.jpg,6.9322324,-17.41593
P209_R_CM_CC.jpg,30.339813,23.800777
P209_R_CM_MLO.jpg,-10.287823,-1.745703
P20_R_CM_CC.jpg,24.554014,10.426363
P20_R_CM_MLO.jpg,-32.6178,-17.53454
P210_L_CM_CC.jpg,-11.906057,-0.018533394
P210_L_CM_MLO.jpg,12.317681,0.11440384
P211_L_CM_CC.jpg,6.6212473,15.590139
P211_L_CM_MLO.jpg,12.2242565,4.606946
P211_R_CM_CC.jpg,8.165613,16.759058
P211_R_CM_MLO.jpg,11.154559,17.449926
P212_L_CM_CC.jpg,-11.609314,-29.115574
P212_L_CM_MLO.jpg,-29.472326,-23.773367
P212_R_CM_CC.jpg,0.03265237,-11.935201
P212_R_CM_MLO.jpg,-31.9176,-12.159318
P213_L_CM_CC.jpg,-7.240904,-7.3992825
P213_L_CM_MLO.jpg,13.390701,-17.249735
P213_R_CM_CC.jpg,6.4707236,-6.197345
P213_R_CM_MLO.jpg,18.92116,1.6417692
P214_L_CM_CC.jpg,-3.599874,0.91805726
P214_L_CM_MLO.jpg,-10.631842,-8.216984
P214_R_CM_CC.jpg,-6.222727,9.801062
P214_R_CM_MLO.jpg,-3.8835588,-21.847172
P215_L_CM_CC.jpg,10.910626,4.1960874
P215_R_CM_CC.jpg,21.54699,10.599866
P215_R_CM_MLO.jpg,-28.743456,-16.582365
P216_L_CM_CC.jpg,23.359999,18.040764
P216_L_CM_MLO.jpg,-34.16772,-7.8635225
P216_R_CM_CC.jpg,30.003906,9.005921
P216_R_CM_MLO.jpg,-12.189337,-28.66851
P217_L_CM_CC.jpg,24.747232,20.876024
P217_L_CM_MLO.jpg,-18.9801,-15.063048
P218_L_CM_MLO.jpg,-16.157196,-25.643839
P218_R_CM_CC.jpg,25.32252,18.28589
P219_L_CM_MLO.jpg,-17.383663,-12.382553
P21_L_CM_CC.jpg,-4.60844,-6.8178835
P21_L_CM_MLO.jpg,22.419321,-2.1008384
P21_R_CM_CC.jpg,-14.9451,-22.872566
P21_R_CM_MLO.jpg,-4.050445,-22.513794
P220_L_CM_CC.jpg,12.340558,15.438483
P220_L_CM_MLO.jpg,-25.936663,-12.490243
P220_R_CM_CC.jpg,2.907058,3.391805
P220_R_CM_MLO.jpg,11.998105,-11.041572
P221_L_CM_CC.jpg,-2.2062063,-16.57305
P222_L_CM_CC.jpg,-1.8175625,-10.400727
P223_L_CM_CC.jpg,-5.5932584,-17.32574
P223_L_CM_MLO.jpg,29.762403,16.100615
P223_R_CM_MLO.jpg,26.142658,20.919792
P224_L_CM_CC.jpg,-21.125673,-1.1250604
P225_L_CM_CC.jpg,10.751769,-11.617244
P225_L_CM_MLO.jpg,33.591885,23.099857
P225_R_CM_CC.jpg,0.3569083,-14.970679
P225_R_CM_MLO.jpg,23.049137,7.6681824
P226_L_CM_CC.jpg,6.211447,23.092524
P226_L_CM_MLO.jpg,-23.782373,23.382135
P226_R_CM_CC.jpg,-12.217772,26.175552
P226_R_CM_MLO.jpg,-16.872765,22.840864
P227_L_CM_CC.jpg,-6.357889,6.2946095
P227_L_CM_MLO.jpg,10.81868,-2.523165
P227_R_CM_CC.jpg,4.021369,9.224776
P227_R_CM_MLO.jpg,-2.1380723,-5.6507416
P228_L_CM_CC.jpg,28.665766,13.287791
P228_L_CM_MLO.jpg,11.096142,-15.137845
P228_R_CM_CC.jpg,31.10486,20.330421
P228_R_CM_MLO.jpg,-22.24561,-2.2846217
P229_R_CM_MLO.jpg,-13.022513,-21.836264
P22_L_CM_CC.jpg,-10.526428,-27.750315
P230_L_CM_CC.jpg,59.473587,-3.423943
P230_L_CM_MLO.jpg,60.635143,-4.2717338
P230_R_CM_CC.jpg,60.157455,-3.1695054
P230_R_CM_MLO.jpg,57.246593,-5.482891
P231_R_CM_MLO.jpg,30.5815,7.778133
P232_L_CM_CC.jpg,-20.111246,-15.8760395
P232_L_CM_MLO.jpg,25.05795,8.295799
P232_R_CM_CC.jpg,-5.8092823,-1.8657439
P232_R_CM_MLO.jpg,-2.1580133,-13.853941
P233_L_CM_CC.jpg,2.372586,-0.39738542
P233_L_CM_MLO.jpg,-5.174648,-20.93228
P233_R_CM_CC.jpg,-11.830178,1.2526778
P233_R_CM_MLO.jpg,16.033833,3.7153494
P234_L_CM_CC.jpg,2.1345332,3.2715323
P235_L_CM_CC.jpg,56.402035,-12.783881
P235_L_CM_MLO.jpg,57.80938,-8.758853
P235_R_CM_CC.jpg,59.41851,-4.0336485
P235_R_CM_MLO.jpg,55.748676,-12.238612
P236_L_CM_CC.jpg,-13.668167,-23.232824
P236_L_CM_MLO.jpg,-21.194714,-19.113714
P236_R_CM_CC.jpg,-32.506264,-10.293442
P236_R_CM_MLO.jpg,-3.2791166,-18.421066
P237_L_CM_CC.jpg,12.805513,-2.5859685
P237_L_CM_MLO.jpg,22.035044,-2.0525286
P237_R_CM_CC.jpg,8.819634,-14.644462
P237_R_CM_MLO.jpg,13.099429,-3.9148347
P238_L_CM_CC.jpg,13.026214,-14.712152
P238_L_CM_MLO.jpg,-3.7929056,-18.663202
P238_R_CM_CC.jpg,21.85899,-3.0055444
P238_R_CM_MLO.jpg,-0.8602673,-17.329391
P239_L_CM_CC.jpg,23.254982,19.716627
P239_L_CM_MLO.jpg,-30.166855,-13.863476
P239_R_CM_CC.jpg,22.837614,-5.118978
P239_R_CM_MLO.jpg,-16.626783,-27.486042
P23_R_CM_CC.jpg,-20.622236,-1.8389771
P240_R_CM_MLO.jpg,21.46272,-1.3075587
P241_L_CM_CC.jpg,11.086444,-7.543072
P241_R_CM_CC.jpg,0.89343995,0.76470464
P242_L_CM_CC.jpg,16.749899,11.22903
P242_R_CM_MLO.jpg,32.768734,21.060608
P243_L_CM_CC.jpg,6.5520954,0.66962916
P243_L_CM_MLO.jpg,-5.0799584,-17.540813
P243_R_CM_CC.jpg,11.971973,14.555363
P243_R_CM_MLO.jpg,-15.675444,-13.570861
P244_L_CM_CC.jpg,55.738285,-10.042285
P244_L_CM_MLO.jpg,57.969395,-4.7039843
P244_R_CM_CC.jpg,56.747444,-8.838883
P244_R_CM_MLO.jpg,55.653423,-11.135511
P245_L_CM_CC.jpg,-16.234818,-21.07561
P245_R_CM_CC.jpg,-17.951828,6.9993396
P246_R_CM_MLO.jpg,-25.826931,-18.339718
P247_L_CM_MLO.jpg,-18.98031,-19.017336
P248_L_CM_CC.jpg,-4.9637146,-11.978826
P248_L_CM_MLO.jpg,29.342047,15.282532
P248_R_CM_MLO.jpg,-18.948225,-20.723309
P249_L_CM_CC.jpg,11.038024,7.1407824
P249_L_CM_MLO.jpg,-28.44849,-13.662853
P249_R_CM_CC.jpg,28.636818,17.223934
P249_R_CM_MLO.jpg,-33.299133,-11.022045
P24_L_CM_CC.jpg,-23.773676,-10.169794
P24_L_CM_MLO.jpg,-32.22795,-13.910218
P24_R_CM_CC.jpg,15.92819,-14.719426
P24_R_CM_MLO.jpg,18.457355,-2.8971853
P250_L_CM_CC.jpg,-1.0093533,-6.763402
P251_L_CM_CC.jpg,-19.606606,23.989254
P251_L_CM_MLO.jpg,-22.890759,24.542976
P251_R_CM_CC.jpg,-12.90396,22.636938
P251_R_CM_MLO.jpg,-22.15486,23.379599
P252_L_CM_CC.jpg,-2.1621935,22.976131
P252_L_CM_MLO.jpg,-13.149643,24.762236
P252_R_CM_CC.jpg,-10.483012,-28.680115
P252_R_CM_MLO.jpg,-13.7393265,-28.151648
P253_L_CM_CC.jpg,-8.505008,18.302856
P253_L_CM_MLO.jpg,-27.520742,2.409374
P253_R_CM_CC.jpg,7.4664397,-17.259073
P253_R_CM_MLO.jpg,-17.990374,-26.393915
P254_L_CM_CC.jpg,29.360321,23.474373
P254_L_CM_MLO.jpg,9.998034,-7.4473944
P254_R_CM_CC.jpg,28.292759,23.510113
P254_R_CM_MLO.jpg,-17.995022,0.29418758
P255_L_CM_CC.jpg,-15.701975,-2.766405
P255_L_CM_MLO.jpg,-36.87524,-2.7853677
P255_R_CM_CC.jpg,0.110392526,18.693365
P255_R_CM_MLO.jpg,-3.698742,20.387264
P256_L_CM_CC.jpg,-16.594175,-4.8483014
P256_L_CM_MLO.jpg,1.1965612,-12.764857
P257_L_CM_CC.jpg,-3.158813,18.812223
P257_L_CM_MLO.jpg,-12.428813,17.430498
P257_R_CM_CC.jpg,-12.056222,19.390072
P257_R_CM_MLO.jpg,-5.662695,-5.7951584
P258_L_CM_CC.jpg,-15.270357,27.429956
P258_L_CM_MLO.jpg,-21.705956,20.160679
P258_R_CM_CC.jpg,-10.388197,20.075
P258_R_CM_MLO.jpg,-22.976046,18.255884
P259_L_CM_CC.jpg,7.254744,6.924807
P259_L_CM_MLO.jpg,5.7827673,1.3273954
P259_R_CM_CC.jpg,7.8395123,16.33669
P259_R_CM_MLO.jpg,-1.1112667,-16.688503
P25_L_CM_MLO.jpg,10.264253,-1.2765256
P25_R_CM_CC.jpg,-6.3956923,5.60206
P260_L_CM_CC.jpg,-5.7124596,8.248058
P260_L_CM_MLO.jpg,-6.360016,-6.7167215
P260_R_CM_CC.jpg,2.694255,-1.0073347
P260_R_CM_MLO.jpg,12.424558,-15.301731
P261_L_CM_CC.jpg,-6.9514112,17.081
P261_L_CM_MLO.jpg,-23.723135,18.70245
P261_R_CM_CC.jpg,-13.765729,23.75078
P261_R_CM_MLO.jpg,-19.916353,1.0696275
P262_L_CM_CC.jpg,-5.856336,22.802141
P262_L_CM_MLO.jpg,-28.484087,1.7885739
P262_R_CM_CC.jpg,-0.39800856,19.417421
P262_R_CM_MLO.jpg,-11.458465,17.251055
P263_L_CM_CC.jpg,-13.899674,24.554096
P263_L_CM_MLO.jpg,-6.361164,16.6754
P263_R_CM_CC.jpg,-10.513498,-18.521162
P263_R_CM_MLO.jpg,-28.036867,-22.994589
P264_L_CM_CC.jpg,-17.309746,24.853764
P264_L_CM_MLO.jpg,-17.571493,28.704258
P264_R_CM_CC.jpg,-18.6597,23.49003
P264_R_CM_MLO.jpg,-7.6089334,21.409042
P265_L_CM_CC.jpg,24.78679,15.79706
P265_L_CM_MLO.jpg,-32.140083,-19.64329
P265_R_CM_CC.jpg,24.769047,23.330923
P265_R_CM_MLO.jpg,-31.376978,-8.067668
P266_L_CM_CC.jpg,-14.823745,17.773167
P266_L_CM_MLO.jpg,-22.626513,24.732243
P266_R_CM_CC.jpg,-18.203323,19.322159
P266_R_CM_MLO.jpg,-9.354387,-16.608421
P267_L_CM_CC.jpg,-23.91237,-21.215857
P267_L_CM_MLO.jpg,9.05438,-20.12914
P267_R_CM_CC.jpg,-10.259845,23.347954
P267_R_CM_MLO.jpg,-10.096794,17.818462
P268_L_CM_CC.jpg,-5.5962195,20.897093
P268_L_CM_MLO.jpg,-18.149548,27.715414
P268_R_CM_CC.jpg,7.558759,19.70978
P268_R_CM_MLO.jpg,-6.992163,21.39315
P269_L_CM_CC.jpg,-23.703901,19.004871
P269_L_CM_MLO.jpg,8.836689,15.512201
P269_R_CM_CC.jpg,-18.127853,18.092058
P269_R_CM_MLO.jpg,-15.755006,25.467215
P26_L_CM_CC.jpg,-18.242903,31.727818
P26_L_CM_MLO.jpg,-18.754913,32.156498
P270_L_CM_CC.jpg,-20.118229,25.509308
P270_L_CM_MLO.jpg,-21.963326,25.265177
P270_R_CM_CC.jpg,-20.518261,25.8612
P270_R_CM_MLO.jpg,-21.198437,26.08809
P271_L_CM_CC.jpg,-7.670768,16.203722
P271_L_CM_MLO.jpg,-5.9873857,19.432487
P271_R_CM_CC.jpg,-9.887389,19.524084
P271_R_CM_MLO.jpg,-16.305908,23.390087
P272_L_CM_CC.jpg,-17.377748,-19.032656
P272_L_CM_MLO.jpg,13.778497,-17.493523
P272_R_CM_CC.jpg,-15.277983,-11.736938
P272_R_CM_MLO.jpg,12.29485,-16.790857
P273_L_CM_CC.jpg,-0.9812357,21.315363
P273_L_CM_MLO.jpg,4.946959,21.769867
P273_R_CM_CC.jpg,6.7023478,18.778616
P273_R_CM_MLO.jpg,7.678181,22.597858
P274_L_CM_CC.jpg,17.143934,15.757429
P274_L_CM_MLO.jpg,-35.471233,-1.8279303
P274_R_CM_CC.jpg,13.307383,9.638549
P274_R_CM_MLO.jpg,-36.021515,-1.7548137
P275_L_CM_CC.jpg,-10.920506,19.096127
P275_L_CM_MLO.jpg,-4.492133,15.652129
P275_R_CM_CC.jpg,-6.099333,11.457713
P275_R_CM_MLO.jpg,-17.865372,20.86456
P276_L_CM_CC.jpg,19.553291,-2.5486207
P276_L_CM_MLO.jpg,-27.29336,-21.710062
P276_R_CM_CC.jpg,11.111121,-15.751456
P276_R_CM_MLO.jpg,-4.175922,-20.916672
P277_L_CM_CC.jpg,24.436796,7.064764
P277_L_CM_MLO.jpg,-25.434803,-20.728558
P277_R_CM_CC.jpg,9.460886,18.347431
P277_R_CM_MLO.jpg,19.333466,5.7896047
P278_L_CM_CC.jpg,-6.174881,16.115515
P278_L_CM_MLO.jpg,-4.6182613,22.849638
P278_R_CM_CC.jpg,-11.059736,20.15139
P278_R_CM_MLO.jpg,-11.69476,18.550436
P279_L_CM_CC.jpg,8.928409,19.458652
P279_L_CM_MLO.jpg,-5.990922,11.383021
P279_R_CM_CC.jpg,-20.510653,29.51387
P279_R_CM_MLO.jpg,-17.04226,31.254837
P27_L_CM_CC.jpg,26.733662,23.346214
P27_L_CM_MLO.jpg,23.693304,7.94048
P280_L_CM_CC.jpg,-16.390549,-2.7365596
P280_L_CM_MLO.jpg,-35.544693,-4.678122
P280_R_CM_CC.jpg,32.25917,24.938889
P280_R_CM_MLO.jpg,-3.9105117,10.770351
P281_L_CM_CC.jpg,-16.289259,17.294327
P281_L_CM_MLO.jpg,-20.603962,24.736925
P281_L_CM_MLO2.jpg,-19.746183,18.662804
P281_R_CM_CC.jpg,-14.9800415,16.497433
P281_R_CM_MLO.jpg,-19.547815,18.837315
P282_L_CM_CC.jpg,-6.2537847,-7.7973957
P282_L_CM_MLO.jpg,-17.766405,22.104097
P282_R_CM_CC.jpg,-14.458865,2.4448485
P282_R_CM_MLO.jpg,-12.329574,23.42885
P283_L_CM_CC.jpg,-1.1414446,19.170254
P283_L_CM_MLO.jpg,-10.688133,-18.591202
P283_R_CM_CC.jpg,8.748623,-20.124872
P283_R_CM_MLO.jpg,-12.228173,18.79509
P284_L_CM_CC.jpg,-13.290754,24.98238
P284_L_CM_MLO.jpg,-22.360401,27.070393
P284_R_CM_CC.jpg,-12.698042,24.565847
P284_R_CM_MLO.jpg,-23.944746,26.128082
P285_L_CM_CC.jpg,-14.508104,26.38344
P285_L_CM_MLO.jpg,-18.800747,25.787846
P285_R_CM_CC.jpg,-6.3517714,23.023893
P285_R_CM_MLO.jpg,8.9753065,-22.994259
P286_L_CM_CC.jpg,-15.560238,28.29219
P286_L_CM_MLO.jpg,-24.189087,25.378925
P286_R_CM_CC.jpg,17.681026,13.846057
P286_R_CM_MLO.jpg,-36.75712,-13.352677
P287_L_CM_CC.jpg,-6.748022,15.222446
P287_L_CM_MLO.jpg,-27.535519,1.8467687
P287_R_CM_CC.jpg,-17.937323,9.482883
P287_R_CM_MLO.jpg,-22.366358,18.38033
P288_L_CM_CC.jpg,8.956909,-23.034702
P288_L_CM_MLO.jpg,9.348252,-23.495628
P288_R_CM_CC.jpg,-13.587744,22.95867
P288_R_CM_MLO.jpg,-16.489262,21.108805
P289_L_CM_CC.jpg,-2.1254435,19.956184
P289_L_CM_MLO.jpg,-9.618761,17.501373
P289_R_CM_CC.jpg,4.765455,21.622118
P289_R_CM_MLO.jpg,-5.9368553,17.31651
P28_L_CM_MLO.jpg,21.908812,-5.0716977
P28_R_CM_CC.jpg,13.117738,-0.9117837
P28_R_CM_MLO.jpg,24.610851,9.5778885
P290_L_CM_CC.jpg,-7.233324,16.29253
P290_L_CM_MLO.jpg,-5.0688367,16.410791
P290_R_CM_CC.jpg,17.010511,16.887064
P290_R_CM_MLO.jpg,17.069798,16.823353
P291_L_CM_CC.jpg,6.4293513,7.539226
P291_L_CM_MLO.jpg,-25.090012,-13.689729
P291_R_CM_CC.jpg,18.077122,2.5814066
P291_R_CM_MLO.jpg,1.5220814,-15.648788
P292_L_CM_CC.jpg,0.6487322,-11.479699
P292_L_CM_MLO.jpg,-22.770449,26.533068
P292_R_CM_CC.jpg,-0.30350906,2.1475463
P292_R_CM_MLO.jpg,0.050774354,-19.778954
P293_L_CM_CC.jpg,-14.509469,22.363972
P293_L_CM_MLO.jpg,-19.560265,25.595417
P293_R_CM_CC.jpg,-12.197634,22.830128
P293_R_CM_MLO.jpg,-23.5194,24.32186
P294_R_CM_CC.jpg,-1.9410672,1.3966095
P294_R_CM_MLO.jpg,13.020537,-12.51251
P295_L_CM_CC.jpg,-5.491011,11.953483
P295_L_CM_MLO.jpg,-20.239344,21.877678
P295_R_CM_CC.jpg,7.7772264,17.359589
P295_R_CM_MLO.jpg,-22.670408,23.719828
P296_L_CM_CC.jpg,0.26831102,20.608253
P296_L_CM_MLO.jpg,-28.106276,0.40631926
P296_R_CM_CC.jpg,-13.813805,22.232838
P296_R_CM_MLO.jpg,-28.980162,0.5691664
P297_L_CM_CC.jpg,-11.86127,-18.954908
P297_L_CM_MLO.jpg,-19.051504,30.290691
P297_R_CM_CC.jpg,-38.65418,-8.206303
P297_R_CM_MLO.jpg,-24.683113,-12.516877
P298_L_CM_CC.jpg,-1.3274275,-18.212399
P298_L_CM_MLO.jpg,-22.196205,24.049995
P298_R_CM_CC.jpg,24.294632,17.782793
P298_R_CM_MLO.jpg,-16.340874,-6.5739627
P299_L_CM_CC.jpg,5.974268,22.415367
P299_L_CM_MLO.jpg,-36.209846,-4.28182
P299_R_CM_CC.jpg,5.570731,23.884134
P299_R_CM_MLO.jpg,-8.266386,-17.915594
P29_L_CM_CC.jpg,30.069685,17.017317
P29_R_CM_CC.jpg,32.236996,24.056717
P29_R_CM_MLO.jpg,29.603743,17.352411
P2_L_CM_CC.jpg,57.093735,-3.6835551
P2_L_CM_MLO.jpg,58.84623,-8.385498
P2_R_CM_CC.jpg,58.92751,-5.149833
P2_R_CM_MLO.jpg,57.750607,-8.1199255
P300_L_CM_CC.jpg,5.752253,23.365953
P300_L_CM_MLO.jpg,-32.639652,-12.947892
P300_R_CM_CC.jpg,33.27282,19.84998
P300_R_CM_MLO.jpg,-18.744823,-21.069288
P301_L_CM_CC.jpg,-20.0324,-2.3776782
P301_L_CM_MLO.jpg,-22.98655,-13.981414
P301_R_CM_CC.jpg,-20.18979,3.9953327
P301_R_CM_MLO.jpg,-7.389856,-2.7272685
P302_L_CM_CC.jpg,-10.618536,17.335493
P302_L_CM_MLO.jpg,-36.397987,-2.3062751
P302_R_CM_CC.jpg,-15.30678,17.41267
P302_R_CM_MLO.jpg,-18.95784,18.603256
P303_L_CM_CC.jpg,-2.4462395,19.317335
P303_L_CM_MLO.jpg,-3.4566948,15.114465
P303_R_CM_CC.jpg,3.007542,20.05743
P303_R_CM_MLO.jpg,3.7019582,18.977911
P304_L_CM_CC.jpg,6.588616,17.936205
P304_L_CM_MLO.jpg,-27.23415,0.031525914
P304_R_CM_CC.jpg,4.638111,18.517931
P304_R_CM_MLO.jpg,-23.151726,-19.628914
P305_L_CM_CC.jpg,29.007292,23.71653
P305_L_CM_MLO.jpg,15.050786,11.093377
P305_R_CM_CC.jpg,34.97031,24.865683
P305_R_CM_MLO.jpg,29.304333,7.8602304
P306_L_CM_CC.jpg,14.319203,3.6262155
P306_L_CM_MLO.jpg,-2.4964318,18.635067
P306_R_CM_CC.jpg,-18.040064,30.146658
P306_R_CM_MLO.jpg,-17.360125,31.129091
P307_L_CM_CC.jpg,20.284046,-1.7353885
P307_L_CM_MLO.jpg,-29.055239,1.0918459
P307_R_CM_CC.jpg,5.226634,9.447492
P307_R_CM_MLO.jpg,-3.588941,-4.9047847
P308_L_CM_CC.jpg,-15.3655,6.9457607
P308_L_CM_MLO.jpg,-35.52529,-1.7902377
P308_R_CM_CC.jpg,-15.789806,15.465349
P308_R_CM_MLO.jpg,-20.273779,5.725866
P309_L_CM_CC.jpg,2.3703177,-14.542955
P309_L_CM_MLO.jpg,-18.089338,20.898542
P309_R_CM_CC.jpg,-11.973695,-13.571689
P309_R_CM_MLO.jpg,-8.8022,21.957186
P30_L_CM_CC.jpg,-11.463102,4.57079
P30_L_CM_MLO.jpg,-25.730482,-9.5795555
P30_R_CM_CC.jpg,-16.841665,6.703061
P30_R_CM_MLO.jpg,-16.63794,0.6018746
P310_L_CM_CC.jpg,-14.762313,-25.916832
P310_L_CM_MLO.jpg,-9.379951,-30.927252
P310_R_CM_CC.jpg,-16.612793,-6.7069926
P310_R_CM_MLO.jpg,-0.38941568,-16.531967
P311_L_CM_CC.jpg,-22.508547,17.263212
P311_L_CM_MLO.jpg,7.4553246,22.326134
P311_R_CM_CC.jpg,-11.565023,18.742277
P311_R_CM_MLO.jpg,30.231577,25.009644
P312_L_CM_CC.jpg,-17.880724,-2.7420585
P312_L_CM_MLO.jpg,-15.172957,-18.51783
P312_R_CM_CC.jpg,-4.4018874,15.243449
P312_R_CM_MLO.jpg,-27.379875,-0.032410927
P313_L_CM_CC.jpg,-15.78808,-2.7296276
P313_L_CM_MLO.jpg,-21.100307,23.655792
P313_R_CM_CC.jpg,-17.005089,18.417738
P313_R_CM_MLO.jpg,-20.661358,22.713074
P314_L_CM_CC.jpg,-26.91789,-22.375341
P314_L_CM_MLO.jpg,20.87998,-3.0912004
P314_R_CM_CC.jpg,-18.487303,0.3347258
P314_R_CM_MLO.jpg,10.384095,15.174083
P315_L_CM_CC.jpg,27.64349,18.324898
P315_L_CM_MLO.jpg,-25.289875,-17.981459
P315_R_CM_CC.jpg,5.9583435,10.289729
P315_R_CM_MLO.jpg,-37.232227,-10.150032
P316_L_CM_CC.jpg,-9.732407,-17.835356
P316_L_CM_MLO.jpg,-8.976908,-18.010843
P316_R_CM_CC.jpg,-19.882017,23.617535
P316_R_CM_MLO.jpg,-6.912041,9.876828
P317_L_CM_CC.jpg,-11.27779,-18.501135
P317_L_CM_MLO.jpg,-18.870796,30.00044
P317_R_CM_CC.jpg,-18.443993,30.302547
P317_R_CM_MLO.jpg,-15.629393,28.243507
P318_L_CM_CC.jpg,-2.5780058,10.753706
P318_L_CM_MLO.jpg,28.162462,16.405514
P318_R_CM_CC.jpg,-4.451379,7.966933
P318_R_CM_MLO.jpg,7.3278084,3.024663
P319_L_CM_CC.jpg,11.959261,-12.643707
P319_L_CM_MLO.jpg,-27.39058,-15.785057
P319_R_CM_CC.jpg,-3.8112917,-14.281319
P319_R_CM_MLO.jpg,-12.875116,-21.374037
P31_L_CM_CC.jpg,25.684841,17.420366
P31_L_CM_MLO.jpg,1.3834101,-11.218304
P31_R_CM_CC.jpg,11.834892,16.169153
P31_R_CM_MLO.jpg,-1.8984579,-15.544042
P320_L_CM_CC.jpg,10.889208,16.603176
P320_L_CM_MLO.jpg,-33.078835,-12.156089
P320_R_CM_CC.jpg,11.496693,-1.0799363
P320_R_CM_MLO.jpg,-25.743904,-17.387932
P321_R_CM_CC.jpg,2.312419,-13.043889
P321_R_CM_MLO.jpg,-12.868855,26.0065
P322_L_CM_CC.jpg,-0.58430445,-13.652776
P322_L_CM_MLO.jpg,-17.269741,-10.945948
P322_R_CM_CC.jpg,15.2124,9.945107
P322_R_CM_MLO.jpg,-8.023045,-3.531691
P323_L_CM_CC.jpg,-5.023191,15.896594
P323_L_CM_MLO.jpg,-2.855051,14.841517
P323_R_CM_CC.jpg,-0.09913036,17.238146
P323_R_CM_MLO.jpg,-22.890549,19.13544
P324_L_CM_CC.jpg,4.91084,10.650588
P324_L_CM_MLO.jpg,-24.218529,-13.176903
P324_R_CM_MLO.jpg,29.125057,7.0747085
P325_L_CM_CC.jpg,8.748327,-13.506479
P325_L_CM_MLO.jpg,-19.173128,-17.45811
P325_R_CM_CC.jpg,0.4022905,-15.262727
P325_R_CM_MLO.jpg,-3.659834,-7.139657
P326_L_CM_CC.jpg,-3.812187,-1.9186507
P326_L_CM_MLO.jpg,-20.578848,-3.2751763
P326_R_CM_CC.jpg,-10.719062,-3.316682
P326_R_CM_MLO.jpg,-19.949879,3.203372
P32_L_CM_CC.jpg,18.924461,13.252736
P32_L_CM_MLO.jpg,-34.14958,-16.79021
P32_R_CM_CC.jpg,17.108423,13.415189
P32_R_CM_MLO.jpg,-34.721916,-8.076629
P33_L_CM_CC.jpg,19.371202,7.0487976
P33_L_CM_MLO.jpg,-17.630083,-4.919466
P34_L_CM_CC.jpg,27.14876,18.278831
P34_R_CM_MLO.jpg,-13.028531,-26.986092
P35_L_CM_CC.jpg,-3.2198908,2.2898805
P35_L_CM_MLO.jpg,14.306477,6.5862136
P35_R_CM_MLO.jpg,-8.619904,-8.487343
P36_R_CM_MLO.jpg,12.005433,-14.408497
P37_L_CM_CC.jpg,20.380608,5.022154
P37_L_CM_MLO.jpg,-34.343422,-13.406372
P37_R_CM_CC.jpg,11.497044,14.691314
P37_R_CM_MLO.jpg,-34.268272,-15.351083
P38_R_CM_CC.jpg,29.623114,19.49172
P38_R_CM_MLO.jpg,-11.686994,-9.109435
P39_R_CM_CC.jpg,26.168182,16.719137
P39_R_CM_MLO.jpg,-17.440598,-14.155551
P3_L_CM_CC.jpg,8.345532,-7.779102
P3_L_CM_MLO.jpg,-18.83233,-18.197786
P3_R_CM_CC.jpg,9.852411,-2.753212
P3_R_CM_MLO.jpg,-24.763203,-10.059706
P40_L_CM_CC.jpg,3.7962594,-0.6452656
P40_L_CM_MLO.jpg,-33.94012,-8.896863
P40_R_CM_CC.jpg,9.237076,-1.8991629
P40_R_CM_MLO.jpg,-3.5590417,-6.403175
P41_L_CM_CC.jpg,24.336378,11.042734
P42_R_CM_MLO.jpg,26.064026,12.945412
P43_R_CM_CC.jpg,-13.501668,-11.976935
P43_R_CM_MLO.jpg,4.3985305,1.2368586
P44_L_CM_CC.jpg,28.932274,14.218825
P44_L_CM_MLO.jpg,-20.7516,-18.256073
P44_R_CM_CC.jpg,30.901272,24.193672
P45_L_CM_CC.jpg,-27.458876,-20.873882
P45_L_CM_MLO.jpg,-17.71371,-27.551472
P45_R_CM_CC.jpg,-26.615278,-17.50115
P45_R_CM_MLO.jpg,-26.533457,-17.923485
P46_L_CM_CC.jpg,15.26995,14.872081
P46_L_CM_MLO.jpg,-14.5332,6.703666
P46_R_CM_CC.jpg,-4.6867948,6.031813
P46_R_CM_MLO.jpg,-17.840506,7.742773
P47_R_CM_CC.jpg,12.761247,-17.57694
P48_L_CM_CC.jpg,-12.414066,-8.983549
P49_L_CM_CC.jpg,-14.3358135,-5.0554085
P49_L_CM_MLO.jpg,24.00472,9.294254
P49_R_CM_CC.jpg,-0.86923194,2.8494053
P49_R_CM_MLO.jpg,10.031648,-12.425541
P4_L_CM_MLO.jpg,-16.966219,-15.098276
P4_R_CM_CC.jpg,9.519471,4.3342967
P50_L_CM_CC.jpg,11.115511,-12.077953
P50_R_CM_MLO.jpg,-19.884596,-17.978281
P51_L_CM_CC.jpg,17.424742,11.10947
P51_L_CM_MLO.jpg,-22.507736,-11.093544
P51_R_CM_CC.jpg,18.991438,-1.370815
P51_R_CM_MLO.jpg,-16.017895,-27.444965
P52_L_CM_CC.jpg,-12.825437,-10.515857
P52_L_CM_MLO.jpg,2.202006,-12.311505
P52_R_CM_CC.jpg,-0.30524302,-5.879347
P52_R_CM_MLO.jpg,-27.165194,-14.4952545
P53_R_CM_CC.jpg,-32.201046,-5.433599
P54_L_CM_CC.jpg,8.794255,-1.0461633
P54_L_CM_MLO.jpg,-2.9288256,-5.290182
P54_R_CM_CC.jpg,28.768057,18.032648
P54_R_CM_MLO.jpg,0.22758812,-17.152208
P55_L_CM_CC.jpg,-6.5620093,-4.617144
P55_L_CM_MLO.jpg,-31.908243,-2.891615
P55_R_CM_CC.jpg,-17.82179,5.276714
P55_R_CM_MLO.jpg,-17.319143,10.077589
P56_L_CM_MLO.jpg,59.90227,-4.948678
P56_R_CM_CC.jpg,59.329,-2.4683647
P56_R_CM_MLO.jpg,57.40127,-9.186135
P57_R_CM_CC.jpg,30.685095,21.319311
P58_L_CM_MLO.jpg,-19.001585,-12.922394
P59_L_CM_CC.jpg,-19.016415,6.815647
P59_L_CM_MLO.jpg,24.23489,22.84784
P59_R_CM_CC.jpg,-12.018444,-26.08398
P59_R_CM_MLO.jpg,33.436348,23.788315
P5_L_CM_CC.jpg,23.713825,19.723272
P5_L_CM_MLO.jpg,-0.99763745,-15.280691
P5_R_CM_CC.jpg,11.672384,15.5588875
P5_R_CM_MLO.jpg,-31.001823,-6.3355865
P60_L_CM_MLO.jpg,-18.152578,-25.004862
P61_L_CM_CC.jpg,13.535787,-2.224707
P61_L_CM_MLO.jpg,-17.12761,-11.873016
P61_R_CM_CC.jpg,14.496642,10.474849
P61_R_CM_MLO.jpg,-11.413853,-4.626371
P62_L_CM_CC.jpg,-2.384362,4.4880314
P62_L_CM_MLO.jpg,-19.413733,-13.484115
P62_R_CM_CC.jpg,-9.433704,-3.522723
P62_R_CM_MLO.jpg,3.1959674,-1.4041291
P63_R_CM_CC.jpg,-31.585875,-5.059617
P64_L_CM_CC.jpg,-17.237823,-24.854904
P64_L_CM_MLO.jpg,-15.800385,-20.943777
P64_R_CM_CC.jpg,-4.9154267,-22.356947
P65_L_CM_CC.jpg,-12.4868355,4.125669
P65_L_CM_MLO.jpg,-6.9903502,-5.2689567
P65_R_CM_CC.jpg,-14.37293,7.612564
P65_R_CM_MLO.jpg,-17.474613,8.170243
P66_L_CM_CC.jpg,22.765911,20.418133
P66_L_CM_MLO.jpg,-18.09191,-18.459568
P66_R_CM_CC.jpg,23.626661,22.72381
P66_R_CM_MLO.jpg,-17.157932,-6.3469377
P67_L_CM_CC.jpg,12.132535,3.067519
P67_R_CM_MLO.jpg,-12.915074,-12.41912
P68_L_CM_CC.jpg,-14.873998,4.986346
P68_L_CM_MLO.jpg,-18.219242,-11.611232
P69_L_CM_CC.jpg,59.346115,-1.3139075
P69_L_CM_MLO.jpg,60.21835,-1.8999995
P6_L_CM_MLO.jpg,-12.846057,-13.064385
P6_R_CM_CC.jpg,-1.1175315,4.825383
P70_L_CM_CC.jpg,-0.04658105,2.8418367
P71_L_CM_MLO.jpg,22.77256,16.360582
P72_L_CM_CC.jpg,18.875996,5.0427723
P72_R_CM_CC.jpg,6.267078,-6.072038
P73_L_CM_CC.jpg,12.212977,11.014337
P73_L_CM_MLO.jpg,-30.102633,-13.369759
P73_R_CM_CC.jpg,16.597069,10.539286
P73_R_CM_MLO.jpg,-17.891502,-17.448591
P74_L_CM_CC.jpg,14.559522,-16.99415
P74_L_CM_MLO.jpg,-24.019571,-20.040041
P74_R_CM_CC.jpg,7.39341,-5.2644787
P74_R_CM_MLO.jpg,-26.897934,-14.276803
P75_R_CM_MLO.jpg,-25.370687,-10.521171
P76_L_CM_CC.jpg,-8.43801,17.484045
P76_L_CM_MLO.jpg,-5.3301544,21.314594
P76_R_CM_CC.jpg,-9.546207,21.736734
P76_R_CM_MLO.jpg,-5.891953,20.223246
P77_L_CM_MLO.jpg,-37.669758,-9.653117
P77_R_CM_CC.jpg,17.506245,10.300662
P78_L_CM_CC.jpg,7.4816766,1.3110051
P79_L_CM_CC.jpg,11.085398,3.1582851
P79_L_CM_MLO.jpg,-37.45799,-9.112088
P7_L_CM_MLO.jpg,-13.887763,-24.27317
P7_R_CM_CC.jpg,29.120398,19.092497
P7_R_CM_MLO.jpg,6.8667793,-13.738827
P80_L_CM_CC.jpg,17.119143,14.385219
P80_L_CM_MLO.jpg,31.769444,18.26732
P80_R_CM_MLO.jpg,-32.644268,-8.428183
P81_L_CM_CC.jpg,-12.093794,-9.854351
P81_L_CM_MLO.jpg,-2.6639986,-17.289448
P81_R_CM_CC.jpg,-31.613401,-14.295779
P81_R_CM_MLO.jpg,21.02007,-0.12772474
P82_L_CM_CC.jpg,0.7772608,11.833473
P82_L_CM_MLO.jpg,-7.3761315,-20.507538
P82_R_CM_CC.jpg,-16.91607,7.6684127
P82_R_CM_MLO.jpg,-19.13862,5.2235107
P83_L_CM_CC.jpg,9.452408,2.0098293
P83_L_CM_MLO.jpg,-32.22918,-6.5422826
P83_R_CM_CC.jpg,4.947931,8.826142
P83_R_CM_MLO.jpg,-12.411563,-4.482839
P84_L_CM_CC.jpg,-13.310617,-25.133162
P84_L_CM_MLO.jpg,-11.320887,-26.899084
P84_R_CM_CC.jpg,27.17661,17.119555
P84_R_CM_MLO.jpg,10.954969,2.6120684
P85_R_CM_MLO.jpg,-17.462442,-8.926078
P86_L_CM_CC.jpg,15.131658,9.085926
P86_R_CM_MLO.jpg,-24.014336,-12.326889
P87_L_CM_CC.jpg,16.693476,-1.4864367
P87_L_CM_MLO.jpg,-21.942772,-5.038312
P87_R_CM_CC.jpg,-1.0762795,4.065839
P87_R_CM_MLO.jpg,-16.283707,-7.8203373
P88_L_CM_CC.jpg,13.25898,2.4345531
P88_L_CM_MLO.jpg,21.455912,-2.5085473
P88_R_CM_CC.jpg,4.4464226,-0.9839916
P88_R_CM_MLO.jpg,16.01029,5.1341295
P89_L_CM_CC.jpg,14.544848,14.148094
P89_L_CM_MLO.jpg,11.853724,4.501166
P89_R_CM_CC.jpg,25.021158,13.376548
P89_R_CM_MLO.jpg,-4.1065426,-23.114859
P8_L_CM_MLO.jpg,-25.084368,-12.850406
P90_L_CM_CC.jpg,56.004566,-9.212059
P90_L_CM_MLO.jpg,56.372917,-8.467674
P90_R_CM_CC.jpg,55.080017,-9.757359
P90_R_CM_MLO.jpg,59.299015,-1.9057051
P91_L_CM_MLO.jpg,11.839899,-17.089016
P92_L_CM_CC.jpg,8.310942,8.095282
P92_L_CM_MLO.jpg,-32.25569,-3.8459918
P92_R_CM_CC.jpg,-1.0166035,2.4351683
P92_R_CM_MLO.jpg,-18.39891,1.59203
P93_L_CM_CC.jpg,-12.81866,-0.17990676
P93_L_CM_MLO.jpg,12.621924,-11.992956
P93_R_CM_CC.jpg,-2.7063935,-6.319074
P93_R_CM_MLO.jpg,10.470476,-11.241032
P94_L_CM_CC.jpg,57.90334,-3.5837622
P94_L_CM_MLO.jpg,56.307453,-9.940154
P94_R_CM_CC.jpg,58.334488,-3.687098
P94_R_CM_MLO.jpg,57.50914,-7.432945
P95_L_CM_CC.jpg,13.5943985,-12.365873
P95_R_CM_MLO.jpg,12.624987,1.4754102
P96_L_CM_CC.jpg,4.5512924,1.8640397
P96_L_CM_MLO.jpg,-10.690691,-8.999771
P96_R_CM_CC.jpg,-6.2019978,-9.409567
P96_R_CM_MLO.jpg,-8.897673,-18.383139
P97_L_CM_CC.jpg,-15.43998,22.600653
P97_L_CM_MLO.jpg,-4.642541,23.308207
P97_R_CM_CC.jpg,-21.02434,24.405947
P97_R_CM_MLO.jpg,-11.637474,25.682379
P98_L_CM_CC.jpg,12.667947,-9.953977
P98_L_CM_MLO.jpg,-14.911732,-19.041958
P98_R_CM_CC.jpg,11.286999,0.02732078
P98_R_CM_MLO.jpg,-36.75487,-13.807371
P99_L_CM_CC.jpg,-39.20881,-7.4574494
P99_L_CM_MLO.jpg,-38.92506,-6.741857
P99_L_CM_MLO_2.jpg,-35.730045,-14.222343
P99_R_CM_CC.jpg,-17.702011,7.1056013
P99_R_CM_MLO.jpg,-0.81362367,0.7323706
P9_L_CM_MLO.jpg,-26.247036,-22.899609
